iteration,mean_reward,total_reward,vessel_mean_reward,port_mean_reward,coordinator_mean_reward,lr,entropy_coeff,rollout_time,update_time,iter_time,vessel_policy_loss,vessel_value_loss,vessel_entropy,vessel_clip_frac,vessel_grad_norm,vessel_approx_kl,vessel_kl_early_stopped,vessel_explained_variance,port_policy_loss,port_value_loss,port_entropy,port_clip_frac,port_grad_norm,port_approx_kl,port_kl_early_stopped,port_explained_variance,coordinator_policy_loss,coordinator_value_loss,coordinator_entropy,coordinator_clip_frac,coordinator_grad_norm,coordinator_approx_kl,coordinator_kl_early_stopped,coordinator_explained_variance,eval,total_train_time
0,-34.62112294287202,-2215.7518683438093,-2.3572886350048283,-1.45,-32.26383430786719,0.00029624999999999996,0.01,3.3107721760002278,0.4867497929999445,3.7975251769998977,-0.006939724640687928,91.89598280191422,1.8376299999654293,0.0087890625,55.12006485462189,0.0016561458760406822,False,0.020671188831329346,-0.005451070237904787,1.5236283779144286,1.4643077462911607,0.0,4.776355916261673,0.00036183963529765604,False,0.05841410160064697,-0.010716859251260757,114.03775215148926,2.9956226348876953,0.0,25.91832049190998,0.0001531541347503662,False,-0.08564925193786621,,
1,-54.02609206950365,-3457.6698924482334,-3.1535099841971235,-1.465625,-50.87258208530653,0.00029249999999999995,0.01,2.7431027580000773,0.634764401999746,3.3778700940001727,-0.007807603804394603,61.425031304359436,1.8389965444803238,0.01953125,31.50217403098941,0.0021219693298917264,False,0.0029285550117492676,-0.000587786128744483,4.215112192928791,1.4323164254426957,0.0,11.645689541101456,2.3859459906816484e-05,False,0.024777472019195557,-0.0010087927803397179,100.70745849609375,2.9955878257751465,0.0,51.774210408329964,1.0957708582282066e-05,False,0.041153907775878906,,
2,-50.76489766683131,-3248.953450677204,-2.9183552516918927,-1.446875,-47.84654241513943,0.00028875,0.01,2.3366649980002876,0.49702788500007955,2.833695266000177,-0.009108152778935619,46.25371253490448,1.8379172179847956,0.029296875,23.17857426032424,0.003026579273864627,False,0.018401384353637695,-0.006940254895016551,3.152633382380009,1.4149982154369354,0.00078125,8.59805803000927,0.0002715813461691141,False,0.10593491792678833,9.605707600712776e-05,77.97582817077637,2.9953397810459137,0.0,57.727903008461,1.1063413694500923e-05,False,0.07516175508499146,,
3,-33.47016332485203,-2142.09045279053,-2.1220611046905504,-1.43125,-31.34810222016148,0.000285,0.01,2.52960042299992,0.5391240609997112,3.0687272340001073,-0.005136678286362439,66.64605396986008,1.8337727468460798,0.0166015625,24.980422511696815,0.0017423845420125872,False,0.028125524520874023,-0.004728218540549278,2.7538839384913443,1.4294185161590576,0.0,15.789549517631531,0.00015932172536849975,False,0.16037607192993164,-0.0004698950797319412,62.807819843292236,2.995250403881073,0.0,35.76385396718979,2.150190994143486e-06,False,0.09650230407714844,,
4,-30.888894147446905,-1976.889225436602,-1.8928024825823344,-1.43125,-28.996091664864576,0.00028125,0.01,2.5057564779999666,0.5934095659999912,3.0991690690002542,-0.015809900010935962,63.009573578834534,1.838658457621932,0.0517578125,24.88804974220693,0.004106539883650839,False,0.09242725372314453,-0.006821070797741413,3.429319527745247,1.4158191800117492,0.0015625,15.739029504731297,0.00032218093983829024,False,0.1524951457977295,-0.00013649649918079376,69.36765956878662,2.9951923489570618,0.0,57.886780977249146,6.747432053089142e-07,False,0.10325616598129272,,
5,-65.15477554528216,-4169.905634898058,-3.5262164912563287,-1.415625,-61.62855905402584,0.00027749999999999997,0.01,2.6153931570001987,0.6280728249998901,3.243468914999994,-0.011663372803013772,52.33013579249382,1.8331299535930157,0.0595703125,13.30749074369669,0.004804646567208692,False,0.07632684707641602,-0.005461174389347434,2.3540255188941956,1.3979400187730788,0.00078125,8.50686087012291,0.00020677237771451473,False,0.30732572078704834,-0.00013116002082824707,89.60948657989502,2.994815766811371,0.0,85.55490885674953,3.8207508623600006e-07,False,0.13495641946792603,,
6,-35.84727759663166,-2294.2257661844264,-2.369885799897722,-1.440625,-33.47739179673395,0.00027374999999999996,0.01,2.2890525520001574,0.791006341999946,3.080061827999998,-0.0008897712687030435,53.679866552352905,1.8229931257665157,0.0,36.0164829492569,0.0003808801993727684,False,0.08300590515136719,-0.0035670709796249865,4.177339954674244,1.4513881295919417,0.0,15.436016424372792,0.00017372849397361277,False,0.14537572860717773,-0.0003774687647819519,13.21617579460144,2.995246648788452,0.0,38.500145100057125,3.791181370615959e-06,False,0.25068777799606323,,
7,-42.81809894513408,-2740.3583324885813,-2.7406746627215215,-1.425,-40.07742428241254,0.00027,0.01,3.4581263899999612,0.6689256739996381,4.127059672000087,-0.0029521959368139505,43.47740516066551,1.8233177848160267,0.0,26.6136062592268,0.00017636260599829257,False,0.0978432297706604,-0.0017762614414095878,3.2502390325069426,1.450797614455223,0.0,14.027198947966099,9.867148473858833e-05,False,0.2780260443687439,-0.0011127833276987076,21.70711326599121,2.9951271414756775,0.0,27.1490638256073,6.203539669513702e-06,False,0.3045162558555603,,
8,-30.87006896528792,-1975.684413778427,-1.8958733137807449,-1.409375,-28.974195651507177,0.00026624999999999994,0.01,3.2017102700001487,0.5641907060003177,3.765903635000086,-0.002604061271995306,62.15013360977173,1.825459348037839,0.00146484375,114.70611280575395,0.0002343093801755458,False,0.1931668519973755,-0.003926521446555853,5.2873012781143185,1.4117073982954025,0.0,26.739401987195016,0.00013840459287166594,False,0.16186928749084473,-0.0003987690433859825,68.2993597984314,2.9951618015766144,0.0,27.487388730049133,1.7832498997449875e-06,False,0.20241379737854004,,
9,-45.39615648909244,-2905.354015301916,-2.6412720611574008,-1.425,-42.75488442793504,0.0002625,0.01,2.665970684000058,0.7014131349997115,3.367386384999918,-0.005578473792411387,37.951885402202606,1.824061743915081,0.0,30.69153381884098,0.0003549219691194594,False,0.26096969842910767,-0.0015344935469329356,3.664484405517578,1.4158165276050567,0.0,20.150656604021787,0.00018474622629582882,False,0.33134329319000244,-0.00012535951100289822,49.34217548370361,2.9950085282325745,0.0,29.078029453754425,2.0419247448444366e-07,False,0.3098708987236023,"{'mean_vessel_reward': -3.5524006740666634, 'mean_port_reward': -1.4130434782608696, 'mean_coordinator_reward': -62.342695908560245, 'total_reward': -4644.261664201256, 'avg_speed': 8.0, 'avg_fuel_remaining': 25.431856638451, 'total_fuel_used': 596.545146892392, 'total_emissions_co2': 1857.641587422909, 'avg_delay_hours': 8.0, 'on_time_rate': 0.0, 'avg_queue': 0.0, 'dock_utilization': 0.0, 'total_wait_hours': 23.0, 'total_vessels_served': 12, 'avg_wait_per_vessel': 1.9166666666666667, 'fuel_cost_usd': 357927.0881354352, 'delay_cost_usd': 320000.0, 'carbon_cost_usd': 167187.74286806182, 'total_ops_cost_usd': 845114.8310034971, 'price_per_vessel_usd': 105639.35387543714, 'cost_reliability': 0.8943606461245629}",
10,-51.49084454856471,-3295.4140511081414,-2.9954035089034017,-1.428125,-48.4954410396613,0.00025875,0.01,2.6457799899999372,0.6707875920001243,3.3165703319996283,-0.0037419277359731495,39.255630671978,1.8237812481820583,0.00146484375,25.566472932696342,0.0005464517744258046,False,0.32910090684890747,-0.0016101283486932515,3.785373732447624,1.411324754357338,0.0,22.43307468518615,9.146281518042087e-05,False,0.3581252098083496,-0.00013701338320970535,71.63797378540039,2.994899958372116,0.0,49.493921518325806,2.307351678609848e-07,False,0.2792452573776245,,
11,-60.94874880796125,-3900.71992370952,-3.3230266507570705,-1.4125,-57.6257221572042,0.00025499999999999996,0.01,3.379005065000001,0.5698323810001966,3.9488402890001453,-0.004787186626344919,47.53796464204788,1.8305127788335085,0.0009765625,33.59199031442404,0.0007613717461936176,False,0.1111261248588562,-0.003897080477327108,2.342835644632578,1.400528222322464,0.0015625,14.722822937369347,0.00023549459874629974,False,0.46899670362472534,-0.00034088827669620514,58.806222915649414,2.994895488023758,0.0,32.278412252664566,2.2095628082752228e-07,False,0.2449718713760376,,
12,-52.54624467291182,-3362.9596590663564,-3.0057014534605524,-1.440625,-49.54054321945127,0.00025125,0.01,3.3256793509999625,0.8591790049999872,4.184861105999971,-0.0015960254240781069,40.18406146764755,1.8328992947936058,0.0,43.98303972184658,0.00019965472165495157,False,0.24267923831939697,-0.0023462586104869843,3.777310606837273,1.4109032660722733,0.0,23.691580751538275,4.954813048243523e-05,False,0.3293522000312805,-1.045851968228817e-05,43.001473903656006,2.994930177927017,0.0,45.953751266002655,4.020519554615021e-06,False,0.31415659189224243,,
13,-44.170545718733116,-2826.9149259989194,-2.728497583274496,-1.425,-41.44204813545862,0.00024749999999999994,0.01,3.578379975000189,0.8344429230000969,4.41282555700036,-0.001778432575520128,46.593484818935394,1.8328306674957275,0.0,75.46917453408241,8.373928721994162e-05,False,0.1498042345046997,-0.003364329459145665,3.2690896868705748,1.434632584452629,0.0,21.7306125536561,0.00020684674382209778,False,0.4044656753540039,-0.000409676693379879,17.675845623016357,2.9950799345970154,0.0,31.89686381816864,1.1913944035768509e-06,False,0.3541516065597534,,
14,-43.43649497229506,-2779.9356782268837,-2.565313313250664,-1.415625,-40.87118165904438,0.00024375,0.01,2.6998134010000285,0.6634634900001402,3.3632797320001373,-0.0030536699923686683,40.36343985795975,1.833837367594242,0.0029296875,42.528700832277536,0.0005928926402702928,False,0.33785510063171387,-0.0011310627218335868,4.9487445771694185,1.419730794429779,0.0,37.19751517772674,2.3469794541597366e-05,False,0.34938347339630127,-0.00015508383512496948,50.79438877105713,2.994909644126892,0.0,42.882073640823364,8.272472769021988e-07,False,0.33310002088546753,,
15,-38.28216799361773,-2450.058751591535,-2.303924647656895,-1.425,-35.97824334596083,0.00023999999999999998,0.01,2.8128474779996395,0.7736526660000891,3.58650261899993,-0.005271967354929075,43.30780449509621,1.8390629924833775,0.00439453125,43.280136063694954,0.0009834524826146662,False,0.3605858087539673,-0.0013909507542848587,3.9424919545650483,1.412613746523857,0.0,25.557326588779688,5.950522609055042e-05,False,0.4925798177719116,-0.0003542853519320488,44.121089458465576,2.994983524084091,0.0,32.63201892375946,3.6973506212234497e-07,False,0.3734797239303589,,
16,-33.93493138028163,-2171.8356083380245,-2.2463189322250194,-1.4125,-31.688612448056624,0.00023624999999999997,0.01,2.8302056470001844,0.6921458930000881,3.522354105999966,-0.0018808947934303433,51.75508499145508,1.8392221555113792,0.0,72.14824411273003,0.0001113313774112612,False,0.23690050840377808,-0.0006055859848856926,3.6443576991558073,1.4354768842458725,0.0,29.45818840265274,3.8850773125886914e-05,False,0.4619673490524292,-0.00036533549427986145,19.80555033683777,2.9950448870658875,0.0,57.54072618484497,3.2549723982810974e-07,False,0.4599371552467346,,
17,-41.35365828388234,-2646.6341301684697,-2.6723902708081555,-1.45,-38.68126801307419,0.00023249999999999999,0.01,2.934382615999766,0.590200182999979,3.5245862820002003,-0.003723801259184256,51.820492804050446,1.839039595797658,0.00048828125,59.3974412381649,0.00026149448240175843,False,0.10625332593917847,-0.0014571156818419695,3.7828580915927885,1.4516973048448563,0.0,29.22918621301651,1.599034294486046e-05,False,0.3828440308570862,-0.0007120012305676937,4.717534363269806,2.994923770427704,0.0,25.506330519914627,1.6239937394857407e-06,False,0.6630692481994629,,
18,-37.763086569962795,-2416.837540477619,-2.415349774948487,-1.409375,-35.34773679501431,0.00022874999999999998,0.01,4.040309257999979,0.8767063979998966,4.917018588000246,-0.0015324943233281374,48.65601545572281,1.8398658633232117,0.0,52.86803503334522,0.00011529133189469576,False,0.23872113227844238,-0.0007119068875908851,3.6238189220428465,1.4435501039028167,0.0,30.02983946427703,1.127622090280056e-05,False,0.43809372186660767,-0.00027656136080622673,15.124058902263641,2.994952231645584,0.0,30.88265323638916,9.466893970966339e-07,False,0.5423245429992676,,
19,-50.33334857696844,-3221.33430892598,-2.9610565777202495,-1.428125,-47.37229199924819,0.000225,0.01,2.864987435999865,0.6684761220003566,3.5334666749999997,-0.007423475792165846,40.28588780760765,1.8398709930479527,0.02099609375,33.94877078011632,0.0019371526141185313,False,0.419425904750824,-0.0013970250263810157,3.800641879439354,1.4201280415058135,0.0,36.02513716965914,3.7841033190488815e-05,False,0.43665432929992676,-0.00040062470361590385,57.12857151031494,2.9947701394557953,0.0,46.77729630470276,5.813781172037125e-07,False,0.45383578538894653,"{'mean_vessel_reward': -3.466950668977526, 'mean_port_reward': -1.4130434782608696, 'mean_coordinator_reward': -60.770413771461804, 'total_reward': -4529.878146390314, 'avg_speed': 8.0, 'avg_fuel_remaining': 27.31837160227179, 'total_fuel_used': 581.4530271818256, 'total_emissions_co2': 1810.6447266442055, 'avg_delay_hours': 8.0, 'on_time_rate': 0.0, 'avg_queue': 0.0, 'dock_utilization': 0.0, 'total_wait_hours': 23.0, 'total_vessels_served': 12, 'avg_wait_per_vessel': 1.9166666666666667, 'fuel_cost_usd': 348871.81630909536, 'delay_cost_usd': 320000.0, 'carbon_cost_usd': 162958.0253979785, 'total_ops_cost_usd': 831829.8417070739, 'price_per_vessel_usd': 103978.73021338423, 'cost_reliability': 0.8960212697866158}",
20,-53.16004659870224,-3402.242982316943,-3.0005306538696557,-1.41875,-50.159515944832606,0.00022124999999999998,0.01,2.996873360999871,0.7405562379999537,3.737432439999793,-0.006664261483820155,39.92204087972641,1.8425596877932549,0.0107421875,36.698090977966785,0.0015769189049024135,False,0.4919877052307129,-0.0032285666558891533,3.406735230982304,1.4021685540676116,0.0,39.252157884836194,8.091330528259277e-05,False,0.40481698513031006,-0.00011174846440553665,64.44335794448853,2.99461966753006,0.0,47.86152267456055,1.962762326002121e-07,False,0.4475189447402954,,
21,-34.23316687162916,-2190.922679784266,-2.2335905696149494,-1.421875,-31.999576302014198,0.00021749999999999997,0.01,3.059947404000013,0.6795852069999455,3.7395349939997686,-0.0036944947787560523,53.52404099702835,1.843125108629465,0.0,87.16710489988327,0.00034504811628721654,False,0.25245267152786255,-0.0013413839042186737,2.9567233264446258,1.4399942994117736,0.0,24.805984184145927,7.040183991193771e-05,False,0.5069159865379333,-0.00032023247331380844,15.751453518867493,2.9949780106544495,0.0,73.44156229496002,2.521555870771408e-07,False,0.5525639057159424,,
22,-42.963717013888626,-2749.677888888872,-2.7370299655119226,-1.415625,-40.22668704837671,0.00021375,0.01,2.8317332440001337,0.7329174299998158,3.5646534240004257,-0.0019665584550239146,46.62192839384079,1.842803593724966,0.0,49.8953969925642,0.00010157455108128488,False,0.1961774230003357,-0.0008868689183145761,2.971013493835926,1.4430014312267303,0.0,49.62671827673912,2.5744596496224403e-05,False,0.5187299251556396,-0.0003586122766137123,13.212185025215149,2.994884967803955,0.0,33.263575077056885,5.802139639854431e-07,False,0.633686900138855,,
23,-41.31863867056064,-2644.392874915881,-2.5656737595654917,-1.415625,-38.75296491099515,0.00020999999999999998,0.01,3.4661656149996816,0.8601921470003617,4.326361060999716,-0.0023416655603796244,37.81646493077278,1.8415407203137875,0.0,78.98128800839186,0.00016753407544456422,False,0.4419562816619873,-0.0024447785690426826,3.2937103003263473,1.4334723740816115,0.0,41.92922395467758,5.793371237814426e-05,False,0.5788472890853882,-0.00023999996483325958,35.596479415893555,2.994903087615967,0.0,40.46856665611267,1.448206603527069e-07,False,0.4759919047355652,,
24,-51.65373599691197,-3305.839103802366,-2.9957965595720277,-1.41875,-48.657939437339934,0.00020624999999999997,0.01,3.491515430000163,0.7462009379996744,4.237719485000071,-0.0019441276672296226,41.478896111249924,1.8419491238892078,0.0,54.58749866485596,0.00011917919619008899,False,0.2445647120475769,-0.0016951575875282288,2.208054058253765,1.4139692068099976,0.0,26.95811006128788,2.573891542851925e-05,False,0.5648683309555054,-0.0004110676236450672,35.71151542663574,2.9947401881217957,0.0,28.798311710357666,3.0174851417541504e-07,False,0.4561871290206909,,
25,-50.85385560110353,-3254.646758470626,-3.0144028063814874,-1.4125,-47.83945279472205,0.0002025,0.01,3.089327329000298,0.5524973139999929,3.6418280339999,-0.0014172269438859075,39.28603422641754,1.8447563219815493,0.00390625,67.7338134907186,0.0006292950129136443,False,0.5488687753677368,-0.0009069725172594189,2.9536870062351226,1.4205098867416381,0.0,44.35878685191274,2.023349516093731e-05,False,0.5712429285049438,-0.00014737341552972794,61.751394271850586,2.9946864247322083,0.0,71.72626686096191,3.450550138950348e-07,False,0.47010695934295654,,
26,-27.48616159116976,-1759.1143418348647,-2.0271287664563937,-1.4125,-25.459032824713358,0.00019874999999999998,0.01,3.1002556379999078,0.7417253109997546,3.841983700000128,-0.0012703378160949796,50.26099073886871,1.8490812797099352,0.0,128.18486163020134,0.00032164008007384837,False,0.3287152647972107,-0.0009833428543061019,3.0708103656768797,1.4579233795404434,0.0,36.7111155629158,3.1136628240346906e-05,False,0.5510321855545044,-0.0002649356611073017,28.238466024398804,2.9950506389141083,0.0,100.54127836227417,1.6926787793636322e-07,False,0.5248399972915649,,
27,-32.92532365716303,-2107.2207140584337,-2.2282826711719537,-1.4125,-30.697040985991077,0.000195,0.01,2.914903102000153,0.6601645440000539,3.575071679999837,-0.0014380109787452966,36.342148184776306,1.849842069670558,0.0,120.42698839306831,8.4683793829754e-05,False,0.518653392791748,-0.0007517832331359386,3.78206552863121,1.43860282599926,0.0,47.34368925094604,4.32589091360569e-05,False,0.5854689478874207,-0.00017633475363254547,46.99928283691406,2.994955003261566,0.0,70.05607509613037,1.5762634575366974e-07,False,0.45567017793655396,,
28,-35.168436051273034,-2250.779907281474,-2.35707056192344,-1.425,-32.811365489349605,0.00019124999999999996,0.01,2.8592143969999597,0.7013301719998708,3.5605473199998414,-0.0016120600630529225,39.04516878724098,1.850008012726903,0.0,112.42211213707924,6.334387580864131e-05,False,0.44977402687072754,-0.0011108757928013802,4.1681022346019745,1.4438791960477828,0.0,49.89894304275513,2.1007237955927847e-05,False,0.4100719690322876,-0.0005176388658583164,19.37897038459778,2.9949235022068024,0.0,28.948279976844788,3.6531127989292145e-07,False,0.6028010845184326,,
29,-24.190775368507648,-1548.2096235844895,-1.785555081067034,-1.409375,-22.40522028744061,0.00018749999999999998,0.01,3.874004100000093,0.8386163119998855,4.712623071000053,-0.0007878833566792309,60.154507756233215,1.8503623809665442,0.0,226.0012027323246,2.1696265321224928e-05,False,0.33880698680877686,-0.0027318416628986596,3.22035827934742,1.4422221809625626,0.0,45.46490422487259,0.0001585709862411022,False,0.6105459928512573,-0.0005169210489839315,31.88873553276062,2.9950687289237976,0.0,57.17177402973175,5.753245204687119e-07,False,0.5933635234832764,"{'mean_vessel_reward': -3.6558768896977107, 'mean_port_reward': -1.418840579710145, 'mean_coordinator_reward': -64.45767132173494, 'total_reward': -4797.734826588852, 'avg_speed': 8.0, 'avg_fuel_remaining': 22.906645343699267, 'total_fuel_used': 616.7468372504059, 'total_emissions_co2': 1920.5496511977642, 'avg_delay_hours': 7.5, 'on_time_rate': 0.0, 'avg_queue': 0.0, 'dock_utilization': 0.0, 'total_wait_hours': 25.0, 'total_vessels_served': 12, 'avg_wait_per_vessel': 2.0833333333333335, 'fuel_cost_usd': 370048.1023502435, 'delay_cost_usd': 300000.0, 'carbon_cost_usd': 172849.46860779877, 'total_ops_cost_usd': 842897.5709580423, 'price_per_vessel_usd': 105362.19636975529, 'cost_reliability': 0.8946378036302447}",
30,-22.80734914230042,-1459.670345107227,-1.7984323364067318,-1.409375,-21.0089168058937,0.00018375,0.01,3.318877493999935,0.8509854999997515,4.169866568000089,-0.0017563258879818022,49.493814289569855,1.8504679761826992,0.0,156.7389942407608,5.279559991322458e-05,False,0.4273034334182739,-0.001193919125944376,3.772974020242691,1.4505134135484696,0.0,59.900010597705844,3.9863213896751407e-05,False,0.5912935137748718,-0.0005382569506764412,35.74275302886963,2.9950465261936188,0.0,24.36564004421234,1.1730007827281952e-06,False,0.5743052363395691,,
31,-32.21775913744912,-2061.936584796744,-2.133191636763138,-1.4125,-30.08456750068599,0.00017999999999999998,0.01,2.57455790899985,0.6898737480000818,3.2644345909998265,-0.001161956664873287,40.63003760576248,1.850810730829835,0.0,137.05162196606398,9.850692003965378e-05,False,0.5308692455291748,-0.0012719898950308561,2.942619913816452,1.4312444567680358,0.0,50.51421312391758,5.438411608338356e-05,False,0.6350389719009399,7.058028131723404e-06,44.94105625152588,2.9949545860290527,0.0,130.15833139419556,2.3189932107925415e-07,False,0.5148866176605225,,
32,-46.69274305373301,-2988.3355554389127,-2.805145195831761,-1.4125,-43.887597857901234,0.00017625,0.01,2.5615496129998974,0.5866775619997497,3.148229923999679,-0.002456713584251702,44.68394246697426,1.851538622751832,0.0,118.8936256468296,0.00010616221698001027,False,0.488067626953125,-0.0013355016009882093,2.6639225512742994,1.411303496360779,0.0,40.68843846023083,2.6071257889270782e-05,False,0.6358140707015991,-0.0004554404877126217,44.386147022247314,2.9948193728923798,0.0,51.55261993408203,3.41096892952919e-07,False,0.6169278621673584,,
33,-36.367175420072726,-2327.4992268846545,-2.373264763611016,-1.43125,-33.993910656461715,0.00017249999999999996,0.01,2.548021878000327,0.5417941460000293,3.0898186819999864,-0.001116412051487714,37.41504943370819,1.851237714290619,0.0,115.17830783128738,4.574545891955495e-05,False,0.40295320749282837,-0.0010304462164640426,2.7793425798416136,1.431381383538246,0.0,40.4697156727314,2.9456010088324548e-05,False,0.5224582552909851,-0.00027958431746810675,22.169113636016846,2.9949668049812317,0.0,35.81444048881531,1.6111880540847778e-07,False,0.6031007766723633,,
34,-53.225675400526576,-3406.443225633701,-3.1299702041912654,-1.409375,-50.09570519633532,0.00016874999999999998,0.01,3.2325613220000378,0.9168069980000837,4.149371254000016,-0.0077151740551926196,45.25519344210625,1.8501821383833885,0.04833984375,37.55546966381371,0.00379946333123371,False,0.5892224311828613,-0.0011256564408540725,2.81067027002573,1.4125535190105438,0.0,53.26423012316227,1.4990102499723434e-05,False,0.530646800994873,-5.6432094424963e-05,69.44848394393921,2.9946183562278748,0.0,89.47892951965332,1.280568540096283e-07,False,0.5807339549064636,,
35,-37.92514184666157,-2427.2090781863403,-2.4883834990282523,-1.4375,-35.43675834763332,0.000165,0.01,3.680239514999812,0.705257151999831,4.385499967999749,-5.9310958022251725e-05,40.66542065143585,1.8456379417330027,0.0,125.0116258263588,0.00039868857129476964,False,0.34694749116897583,-0.0013432255247607828,2.9871431589126587,1.4285523116588592,0.0,37.82046291828156,1.9418075680732727e-05,False,0.528353214263916,-0.000607689842581749,10.234861016273499,2.9949541091918945,0.0,29.003737688064575,4.631001502275467e-07,False,0.7435266375541687,,
36,-46.032206746236895,-2946.0612317591613,-2.859140041003849,-1.409375,-43.17306670523303,0.00016125,0.01,3.225545231999604,0.5156182870000521,3.7411664530000053,-0.000901464227354154,57.52311247587204,1.8452762737870216,0.0,79.91721499711275,4.461425123736262e-05,False,0.07737201452255249,0.00020571574568748475,2.2418488189578056,1.4235506296157836,0.0,43.97468147277832,2.690795809030533e-05,False,0.6165446043014526,-0.0007158960215747356,12.840268850326538,2.994749814271927,0.0,31.14564049243927,9.604264050722122e-07,False,0.8055038452148438,,
37,-53.403857542811956,-3417.846882739965,-2.9251857068438847,-1.4125,-50.47867183596808,0.00015749999999999998,0.01,2.937872969000182,0.7107362040001135,3.648612014000264,-0.0016707880713511258,37.92256751656532,1.8456549756228924,0.0,87.84789311885834,0.00012087257346138358,False,0.6582891345024109,-0.0013459238689392805,2.813515728712082,1.3794832438230515,0.00078125,61.22174659669399,6.478996947407722e-05,False,0.606083333492279,-0.00028275977820158005,70.8912444114685,2.9945268034934998,0.0,82.00109910964966,6.763730198144913e-07,False,0.5796282887458801,,
38,-47.64983874933301,-3049.5896799573125,-2.9403493498448063,-1.43125,-44.709489399488206,0.00015374999999999997,0.01,2.982766375999745,0.8872666509996634,3.8700359609997577,-0.003358417277922854,58.10098373889923,1.8469562362879515,0.00048828125,63.950901955366135,0.0002873632765840739,False,0.04043465852737427,-0.0007933595450595021,2.702610106021166,1.4274135142564774,0.0,40.69959621429443,1.806207001209259e-05,False,0.5522322058677673,-0.000498015433549881,13.355494499206543,2.9947726726531982,0.0,30.55316913127899,4.931353032588959e-07,False,0.7356059551239014,,
39,-43.38255884158499,-2776.483765861439,-2.5992297178360517,-1.409375,-40.78332912374894,0.00015,0.01,2.735349271999894,0.513841346999925,3.249193276999904,-0.0009716380445752293,38.79850083589554,1.8462235685437918,0.0,129.16874128580093,4.948780406266451e-05,False,0.4125896096229553,-0.0009976268629543483,2.8237551517784594,1.4107625603675842,0.0,51.4690535902977,1.1763768270611763e-05,False,0.5962130427360535,-0.0005234489217400551,28.830284595489502,2.9948852360248566,0.0,42.306725025177,1.0039657354354858e-06,False,0.5813015699386597,"{'mean_vessel_reward': -3.6558768896977107, 'mean_port_reward': -1.4130434782608696, 'mean_coordinator_reward': -64.44149992050164, 'total_reward': -4796.2189999037555, 'avg_speed': 8.0, 'avg_fuel_remaining': 22.906645343699267, 'total_fuel_used': 616.7468372504059, 'total_emissions_co2': 1920.5496511977642, 'avg_delay_hours': 7.5, 'on_time_rate': 0.0, 'avg_queue': 0.0, 'dock_utilization': 0.0, 'total_wait_hours': 23.0, 'total_vessels_served': 12, 'avg_wait_per_vessel': 1.9166666666666667, 'fuel_cost_usd': 370048.1023502435, 'delay_cost_usd': 300000.0, 'carbon_cost_usd': 172849.46860779877, 'total_ops_cost_usd': 842897.5709580423, 'price_per_vessel_usd': 105362.19636975529, 'cost_reliability': 0.8946378036302447}",
40,-49.5266619051843,-3169.706361931795,-2.8968104535531323,-1.40625,-46.62985145163116,0.00014625,0.01,3.9215826270001344,0.49448558899985073,4.416071791000377,-0.0025335478712804615,33.544247806072235,1.8462775386869907,0.0,94.04720067977905,0.00013564524124376476,False,0.5740581750869751,0.00024905605241656306,2.6666482485830785,1.4043354570865632,0.0,67.24951237738132,2.8386758640408515e-05,False,0.6009224653244019,-0.00019102450460195541,45.01042890548706,2.9946935176849365,0.0,50.1779510974884,2.3469328880310059e-07,False,0.602069616317749,,
41,-57.439941032329756,-3676.1562260691044,-3.1722755619818996,-1.41875,-54.267665470347886,0.0001425,0.01,2.505677457999809,0.8161963769998692,3.321876401999816,-0.0032801525958348066,58.50086009502411,1.8470317907631397,0.0,62.7271726205945,0.00015304656699299812,False,0.09085339307785034,-0.002187234815210104,2.5926556926220656,1.3871122032403946,0.0,35.86598430275917,7.288535125553608e-05,False,0.5082892179489136,-0.0002309693954885006,46.63851451873779,2.9944275319576263,0.0,51.924623250961304,1.9790604710578918e-07,False,0.5837942361831665,,
42,-54.36331965151237,-3479.2524576967917,-3.1849192065226717,-1.43125,-51.17840044498971,0.00013874999999999998,0.01,2.471741603999817,0.5004555360001177,2.9721999809999033,-0.003007288440130651,39.47364455461502,1.846752418205142,0.00439453125,48.736086435616016,0.0009456045227125287,False,0.5117850303649902,-0.0022500221617519855,3.352392111718655,1.4085787802934646,0.0,44.420141133666036,6.33325893431902e-05,False,0.4929667115211487,-0.00017932429909706116,52.88571357727051,2.9945376217365265,0.0,54.872976779937744,1.424923539161682e-07,False,0.5817360281944275,,
43,-47.64690285896549,-3049.4017829737913,-2.763851606975786,-1.434375,-44.88305125198968,0.00013499999999999997,0.01,2.7166953409996495,0.6939725180000096,3.410670792000019,-0.0012676342885242775,30.63364815711975,1.8464440982788801,0.0,84.15864300727844,5.5913813412189484e-05,False,0.5714430809020996,-0.0011863740161061286,3.4008983239531516,1.3878859639167787,0.0,49.53933171331882,1.1422345414757728e-05,False,0.501632809638977,-0.00030107004567980766,42.538238525390625,2.99471652507782,0.0,49.368722915649414,2.3120082914829254e-07,False,0.5304427146911621,,
44,-32.428033857001246,-2075.3941668480797,-2.132643785662939,-1.4125,-30.295390071338307,0.00013125,0.01,2.9302623039998252,0.4910622459997285,3.4213271170001462,-0.0012824121513403952,42.34973680973053,1.8469468913972378,0.0,161.78470730781555,2.672363189049065e-05,False,0.4596283435821533,-0.0013396551366895437,2.842702677845955,1.4162347346544266,0.0,46.27118674814701,2.2770185023546218e-05,False,0.6358959078788757,-0.00017301994375884533,29.27006459236145,2.994999974966049,0.0,137.14527535438538,1.341104507446289e-07,False,0.5372870564460754,,
45,-41.96441393752817,-2685.722492001803,-2.717654316945659,-1.4125,-39.24675962058251,0.0001275,0.01,3.5341536529999757,0.5471561340000335,4.08131253800002,-0.0012040185101795942,50.812360882759094,1.8467832691967487,0.0,71.52426816523075,6.330703035928309e-05,False,0.10458219051361084,-0.0006049059564247727,2.4592241175472735,1.4343262761831284,0.0,61.21617765426636,2.1216506138443946e-05,False,0.6024643778800964,-0.0005106544122099876,3.8789092898368835,2.994963824748993,0.0,22.376949667930603,6.33997842669487e-07,False,0.7720233798027039,,
46,-29.305267510778776,-1875.5371206898417,-1.9595435846144156,-1.40625,-27.345723926164357,0.00012374999999999997,0.01,3.360929300999942,0.5151027329998215,3.8760349670001233,-0.001176764431875199,43.422844648361206,1.8458788767457008,0.0,132.38725391030312,6.646901601925492e-05,False,0.5403165817260742,-0.0006530019687488675,3.6736324816942214,1.415490409731865,0.0,51.9260030567646,9.756302461028099e-06,False,0.6013882160186768,-6.172759458422661e-05,44.2438325881958,2.9949777126312256,0.0,133.37274265289307,1.4295801520347595e-07,False,0.5232129096984863,,
47,-36.92101526213422,-2362.94497677659,-2.259397351090172,-1.4375,-34.66161791104404,0.00011999999999999999,0.01,2.6645993850002014,0.5606123500001559,3.225214118000167,-0.0010029089753516018,36.69727382063866,1.8457819651812315,0.00048828125,126.65428661927581,0.00013177533401176333,False,0.5917885303497314,-0.003140336903743446,3.331333892047405,1.3958389580249786,0.0,47.80802181363106,4.701586440205574e-05,False,0.6067345142364502,-9.286310523748398e-05,51.13527536392212,2.994859516620636,0.0,125.2312741279602,8.079223334789276e-08,False,0.5490684509277344,,
48,-49.628672347196684,-3176.2350302205878,-2.940077406069882,-1.41875,-46.68859494112678,0.00011624999999999998,0.01,2.6961412649998238,0.5939807639997525,3.290124687000116,-0.0006549729005200788,44.50431826710701,1.848741700872779,0.00048828125,101.47934816870838,0.00034255898208357394,False,0.33366942405700684,-0.0014389140997081995,2.273161743581295,1.401585078239441,0.0,60.98566002249718,4.646703600883484e-05,False,0.6438523530960083,-0.0004819221794605255,34.31352090835571,2.9947214126586914,0.0,42.51226329803467,4.384201020002365e-07,False,0.7203454971313477,,
49,-49.98700103960567,-3199.168066534763,-2.9073359806042327,-1.4125,-47.07966505900144,0.0001125,0.01,2.812891663999835,0.5841436989999238,3.3970382950001294,-0.0016286702593788505,33.08399748802185,1.8517927341163158,0.0,121.74387806653976,5.837299977429211e-05,False,0.6774565577507019,-0.0009417912922799587,2.4405721366405486,1.3884862661361694,0.0,52.17261301875114,7.905857637524605e-06,False,0.6451224088668823,-0.000188939506188035,50.7238712310791,2.9947454631328583,0.0,65.1233458518982,1.2852251529693604e-07,False,0.6563620567321777,"{'mean_vessel_reward': -3.466880470814751, 'mean_port_reward': -1.4130434782608696, 'mean_coordinator_reward': -60.737180899003995, 'total_reward': -4527.580234517493, 'avg_speed': 8.0, 'avg_fuel_remaining': 27.32004945345595, 'total_fuel_used': 581.4396043723524, 'total_emissions_co2': 1810.6029280155053, 'avg_delay_hours': 8.0, 'on_time_rate': 0.0, 'avg_queue': 0.0, 'dock_utilization': 0.0, 'total_wait_hours': 23.0, 'total_vessels_served': 12, 'avg_wait_per_vessel': 1.9166666666666667, 'fuel_cost_usd': 348863.7626234114, 'delay_cost_usd': 320000.0, 'carbon_cost_usd': 162954.26352139548, 'total_ops_cost_usd': 831818.0261448069, 'price_per_vessel_usd': 103977.25326810086, 'cost_reliability': 0.8960227467318991}",
50,-47.07842647904178,-3013.019294658674,-2.6332381134776432,-1.421875,-44.44518836556414,0.00010875,0.01,3.1268771069999275,0.5637490369999796,3.69062926100014,-0.0003720282984431833,38.08315771818161,1.8516233135014772,0.0,181.00393158197403,4.097528290003538e-06,False,0.5184342861175537,-0.0008679503109306097,2.5740861244499684,1.3720162093639374,0.0,63.46651468276978,7.611513137817383e-06,False,0.5870314836502075,-0.00029137544333934784,37.879037380218506,2.9948269724845886,0.0,78.9146318435669,1.4691613614559174e-07,False,0.6825423240661621,,
51,-48.07521772700545,-3076.813934528349,-2.8724380569478374,-1.40625,-45.20277967005762,0.00010499999999999999,0.01,3.7702581650000866,0.7571936929998628,4.527454792000299,-0.0014437604259001091,36.296585112810135,1.8513550069183111,0.0,110.36701649427414,5.7112250942736864e-05,False,0.46573007106781006,-0.001133617851883173,2.766708439588547,1.4022864252328873,0.0,56.2840675085783,1.7748866230249406e-05,False,0.532949686050415,-0.00012861471623182297,29.492818355560303,2.9948660135269165,0.0,61.20177507400513,4.0745362639427185e-08,False,0.7008509039878845,,
52,-43.47620371485219,-2782.47703775054,-2.652358716727076,-1.434375,-40.823844998125104,0.00010125,0.01,3.9846989310003664,0.7370841269998891,4.72178654299978,-0.0008969064510893077,47.54941302537918,1.851370269432664,0.0,188.38102662563324,1.538745709694922e-05,False,0.26513582468032837,-0.0024989142548292875,3.2007482603192328,1.4037555694580077,0.0,55.92731915712356,3.7631625309586526e-05,False,0.45362699031829834,-0.0004942440427839756,17.742547392845154,2.9949448108673096,0.0,26.419471859931946,3.026798367500305e-07,False,0.5943881273269653,,
53,-41.097235050825375,-2630.223043252824,-2.3379088189483372,-1.4125,-38.75932623187705,9.749999999999998e-05,0.01,3.162415911000153,0.7294354199998452,3.89185408000003,-0.0018257539486512542,32.26674693822861,1.851388357579708,0.0,126.13408844172955,9.915695409290493e-05,False,0.6544014811515808,-0.0011209503747522831,2.8716943837702273,1.3764150828123092,0.0,52.675540030002594,1.4876900240778924e-05,False,0.6074392795562744,-2.1286075934767723e-05,45.74302673339844,2.994793713092804,0.0,102.22616147994995,1.150183379650116e-07,False,0.562997043132782,,
54,-45.29916820626604,-2899.1467652010265,-2.6382972831832863,-1.40625,-42.66087092308274,9.374999999999999e-05,0.01,3.0368690820000666,0.508452041000055,3.5453238739996777,-0.0006864126335131004,58.450185388326645,1.851597923785448,0.0,99.78844967484474,4.151382017880678e-05,False,0.19151437282562256,-0.000953685212880373,2.973329558968544,1.3837496519088746,0.0,39.24116447865963,4.082992672920227e-05,False,0.4685356616973877,-0.00034909090027213097,21.59532356262207,2.9948310256004333,0.0,38.01377749443054,1.7927959561347961e-07,False,0.5944339036941528,,
55,-32.46257646688698,-2077.6048938807667,-2.2335298669361,-1.409375,-30.22904659995088,9e-05,0.01,2.6970742869998503,0.5577511309998044,3.2548281689996656,-0.0007981420785654336,37.37844881415367,1.8517408575862646,0.0,152.61495155096054,1.5727884601801634e-05,False,0.5230007171630859,-0.0006640803534537554,2.4324398756027223,1.4260894894599914,0.0,67.85996055603027,1.1835433542728425e-05,False,0.664664626121521,-4.176981747150421e-05,18.255382776260376,2.9949564933776855,0.0,103.57307195663452,2.60770320892334e-08,False,0.6918950080871582,,
56,-39.23195604561909,-2510.845186919622,-2.44870907973705,-1.409375,-36.78324696588204,8.624999999999998e-05,0.01,2.4741575789998933,0.7116888349996771,3.18584907200011,-0.0002475109649822116,60.81992781162262,1.8518098536878824,0.0,220.48644697666168,2.838380169123411e-06,False,0.21053242683410645,-0.000799284316599369,2.9142347149550916,1.4059847176074982,0.0,61.93443397283554,1.3884762302041053e-05,False,0.5007463693618774,-0.00011882465332746506,8.815810441970825,2.994979292154312,0.0,71.15923154354095,2.2118911147117615e-08,False,0.780842125415802,,
57,-36.55566378525662,-2339.5624822564237,-2.5090330051957777,-1.409375,-34.04663078006085,8.25e-05,0.01,2.7732317220002187,0.5363642299998901,3.309598975999961,-0.0005311474669724703,37.738827019929886,1.8518488761037588,0.0,144.6756128370762,8.14610393717885e-06,False,0.35911381244659424,-0.0006235370412468911,2.4037367209792135,1.439327496290207,0.0,56.74673506617546,2.0478619262576103e-05,False,0.6015863418579102,-0.0002821055240929127,7.716229856014252,2.9949311912059784,0.0,40.745267033576965,1.4435499906539917e-07,False,0.7680206298828125,,
58,-46.383254831969346,-2968.528309246038,-2.8378158877338433,-1.428125,-43.5454389442355,7.874999999999998e-05,0.01,3.427427878000344,0.8133893350000108,4.240819964000366,-0.000669706700136885,57.34891617298126,1.8514339607208967,0.0,158.92984840273857,1.0249641491100192e-05,False,0.02754873037338257,-0.0008962657768279314,2.7806449811905622,1.404828667640686,0.0,42.3293431699276,4.5481650158762935e-05,False,0.5110295414924622,-0.00015841471031308174,10.990115284919739,2.994753509759903,0.0,47.54146599769592,1.4971010386943817e-07,False,0.8053095936775208,,
59,-31.02462274628948,-1985.5758557625268,-1.9610282565356034,-1.4125,-29.063594489753875,7.5e-05,0.01,2.4152717749998374,0.748479499000041,3.1637542999997095,-0.0003615424211602658,39.62398013472557,1.8510716371238232,0.0,203.38658624887466,5.055160727351904e-06,False,0.6378028988838196,-0.0006322675151750445,2.7222421914339066,1.3904089272022246,0.0,63.61620515286923,1.729130744934082e-05,False,0.6620368957519531,-8.862093091011047e-05,38.41665983200073,2.99494606256485,0.0,135.54587197303772,6.309710443019867e-08,False,0.6181762218475342,"{'mean_vessel_reward': -3.436382773153313, 'mean_port_reward': -1.4130434782608696, 'mean_coordinator_reward': -59.80977819889486, 'total_reward': -4461.485107071324, 'avg_speed': 8.0, 'avg_fuel_remaining': 28.464675118236087, 'total_fuel_used': 572.2825990541113, 'total_emissions_co2': 1782.0880134545032, 'avg_delay_hours': 9.0, 'on_time_rate': 0.0, 'avg_queue': 0.0, 'dock_utilization': 0.0, 'total_wait_hours': 23.0, 'total_vessels_served': 12, 'avg_wait_per_vessel': 1.9166666666666667, 'fuel_cost_usd': 343369.55943246675, 'delay_cost_usd': 360000.0, 'carbon_cost_usd': 160387.92121090528, 'total_ops_cost_usd': 863757.480643372, 'price_per_vessel_usd': 107969.6850804215, 'cost_reliability': 0.8920303149195785}",
60,-53.40184571366571,-3417.7181256746053,-3.0876500755224847,-1.4375,-50.314195638143204,7.125000000000001e-05,0.01,3.3265639700002794,0.6697543750001387,3.9963215530001435,-0.0020900005474686623,33.32405799627304,1.8512698505073786,0.0,68.72216844558716,0.00013518001651391387,False,0.5482040643692017,-0.0005561375059187412,3.376325137913227,1.3822967290878296,0.0,48.301704263687135,7.523270323872566e-06,False,0.40569251775741577,-0.00023476220667362213,51.632976055145264,2.9946127831935883,0.0,40.97451305389404,9.615905582904816e-08,False,0.5441936254501343,,
61,-46.59163581671678,-2981.864692269874,-2.717507766025359,-1.41875,-43.87412805069141,6.749999999999999e-05,0.01,3.3858161810003367,0.7201795439996204,4.10599856700037,-0.0011813262244686484,27.588448226451874,1.8522925600409508,0.0,100.81285174190998,4.564851406030357e-05,False,0.7366477251052856,-0.00017971533816307783,2.2134784568101167,1.3803273916244507,0.0,56.5219677567482,7.16131180524826e-06,False,0.6532779932022095,-1.4259014278650284e-05,53.33593225479126,2.994720846414566,0.0,145.60350036621094,1.979060471057892e-08,False,0.6264159679412842,,
62,-45.507250166920535,-2912.4640106829142,-2.8839652811149907,-1.4125,-42.623284885805546,6.375e-05,0.01,2.8815868480000972,0.6679671679999046,3.5495572239997273,-0.00100391311571002,50.61457258462906,1.8525121361017227,0.0,106.65167435258627,4.375496064312756e-05,False,0.11140507459640503,-0.0008053125813603402,2.3958535423502325,1.419920602440834,0.0,51.76287440359592,9.141629561781883e-06,False,0.5715748071670532,-0.00027780327945947647,8.977162063121796,2.994776278734207,0.0,24.873019576072693,9.988434612751007e-08,False,0.8307216763496399,,
63,-32.02218551268672,-2049.41987281195,-2.248242178867496,-1.41875,-29.773943333819215,5.999999999999998e-05,0.01,3.034455958000308,0.6851624369996898,3.719621145000019,0.0001134965568780899,35.525706738233566,1.8524935226887465,0.0,271.6244897246361,1.548617728985846e-05,False,0.519070029258728,-0.00039130018558353186,2.29869816750288,1.433000949025154,0.0,56.550345230102536,2.8903596103191376e-06,False,0.6793873310089111,-9.661773219704628e-05,19.446363925933838,2.9950537383556366,0.0,131.71588897705078,3.771856427192688e-08,False,0.6718906760215759,,
64,-32.16376233194222,-2058.4807892443023,-2.1525127370479784,-1.41875,-30.011249594894238,5.625e-05,0.01,3.372465660999751,0.9198245149996183,4.292292835000353,-0.0005154201935511082,44.76093861460686,1.8526271358132362,0.0,207.37346777319908,1.5966827049851418e-05,False,0.3912495970726013,-0.0009396086446940899,2.2758149079978467,1.4098617553710937,0.0,48.757501256465915,1.0452000424265862e-05,False,0.6254926919937134,-8.719600737094879e-05,25.371711015701294,2.99506276845932,0.0,109.0529682636261,6.007030606269836e-08,False,0.563132643699646,,
65,-58.0108446754369,-3712.6940592279616,-3.3164222290384258,-1.409375,-54.694422446398484,5.250000000000001e-05,0.01,3.5946335140001793,0.6534116390002964,4.248048454000127,-0.004367348534287885,41.93471682071686,1.8519265186041594,0.00732421875,47.17428778950125,0.0010289557685609907,False,0.6130737066268921,-0.000345372362062335,3.0866757832467555,1.3844430029392243,0.0,34.00546353161335,6.531644612550736e-06,False,0.44837552309036255,-4.337681457400322e-05,72.8668737411499,2.9945656955242157,0.0,222.1220874786377,2.0023435354232788e-08,False,0.6224051117897034,,
66,-44.85457063300106,-2870.692520512068,-2.7722518497779247,-1.41875,-42.08231878322313,4.874999999999999e-05,0.01,2.657351552000364,0.8358824240003742,3.49323672599985,-0.0005480334802996367,50.59874087572098,1.8504859153181314,0.0,83.57389195263386,7.759808795526624e-05,False,0.08525490760803223,-0.0019465217366814614,2.669302337244153,1.4197735220193863,0.0,32.59616052806378,2.2240960970520973e-05,False,0.5241701602935791,-0.00030056945979595184,8.990407586097717,2.994995951652527,0.0,20.68360924720764,1.1827796697616577e-07,False,0.7518761157989502,,
67,-51.46589217046525,-3293.817098909776,-3.032258088088396,-1.409375,-48.433634082376855,4.5e-05,0.01,2.8394208190002246,0.5836810379996678,3.423104606999914,-0.00027782234246842563,35.92913371324539,1.8504719100892544,0.0,116.38580864667892,3.3334072213619947e-06,False,0.4101700782775879,-0.00023592719808220863,2.9643641926348208,1.3930872559547425,0.0,48.89030609726906,3.101397305727005e-06,False,0.48580074310302734,-9.70223918557167e-05,42.019341468811035,2.994715631008148,0.0,59.90402889251709,5.3783878684043884e-08,False,0.6066917777061462,,
68,-34.43579071000345,-2203.890605440221,-2.1605002927829173,-1.415625,-32.27529041722053,4.1249999999999986e-05,0.01,3.5774255020000965,0.6341023570003017,4.211530609999954,-7.636501686647534e-05,56.26912558078766,1.8505320735275745,0.0,271.69899451732635,3.030290827155113e-07,False,0.33738112449645996,-0.00038113674381747844,2.7626616813242437,1.3918853044509887,0.0,46.93913004994393,2.0033679902553558e-06,False,0.5687496662139893,-5.287071689963341e-05,21.619080066680908,2.9950353503227234,0.0,112.70622754096985,1.3271346688270569e-08,False,0.6200690865516663,,
69,-39.4744042746802,-2526.3618735795326,-2.5583472996763805,-1.415625,-36.91605697500382,3.75e-05,0.01,2.992969849000019,0.5702188639997985,3.5631919219999872,-0.00013210144243203104,38.452619045972824,1.85061314702034,0.0,184.99146285653114,7.092312444001436e-07,False,0.42170965671539307,-5.25269191712141e-05,2.24109558314085,1.4168057322502137,0.0,57.22758158445358,1.4469027519226073e-06,False,0.6572502851486206,-0.00015869922935962677,10.913969039916992,2.994922161102295,0.0,42.00642657279968,4.260800778865814e-08,False,0.8201187252998352,"{'mean_vessel_reward': -2.74320567630565, 'mean_port_reward': -1.4130434782608696, 'mean_coordinator_reward': -43.28357269365055, 'total_reward': -3273.3477075269775, 'avg_speed': 8.0, 'avg_fuel_remaining': 48.16333941753962, 'total_fuel_used': 414.6932846596831, 'total_emissions_co2': 1291.3548884302536, 'avg_delay_hours': 18.125, 'on_time_rate': 0.0, 'avg_queue': 0.0, 'dock_utilization': 0.0, 'total_wait_hours': 23.0, 'total_vessels_served': 12, 'avg_wait_per_vessel': 1.9166666666666667, 'fuel_cost_usd': 248815.97079580987, 'delay_cost_usd': 725000.0, 'carbon_cost_usd': 116221.93995872283, 'total_ops_cost_usd': 1090037.9107545328, 'price_per_vessel_usd': 136254.7388443166, 'cost_reliability': 0.8637452611556834}",
70,-28.07973192084777,-1797.1028429342573,-1.988271779457787,-1.4125,-26.09146014138998,3.375000000000001e-05,0.01,3.056538179999734,0.851059659999919,3.907601140999759,-0.00019564706599339843,52.11773729324341,1.8507292475551367,0.0,146.25914353132248,1.2754462659358978e-06,False,0.34842103719711304,-0.0001070515252649784,2.5881271310150624,1.4278097182512284,0.0,60.57678924798965,5.818903446197509e-07,False,0.5741013288497925,-1.5466008335351944e-05,36.96292066574097,2.995049327611923,0.0,269.2035641670227,6.28642737865448e-09,False,0.4878527522087097,,
71,-35.35491910311249,-2262.7148225991996,-2.3923145779107786,-1.409375,-32.96260452520172,2.999999999999999e-05,0.01,3.3319359520000944,0.696876821999922,4.028815981999742,-0.0001709422213025391,31.380877405405045,1.8507002480328083,0.0,187.2316327393055,1.4125253073871136e-06,False,0.549668550491333,-0.00012872489169239997,2.3051382027566434,1.4246359765529633,0.0,53.78622244000435,8.810311555862427e-07,False,0.6462830305099487,-1.2485776096582413e-05,20.966552734375,2.994972139596939,0.0,178.93603229522705,6.984919309616089e-10,False,0.7144625186920166,,
72,-52.637419658871536,-3368.7948581677783,-2.950567759060635,-1.409375,-49.686851899810904,2.6250000000000004e-05,0.01,2.880905277999773,0.5998099049998018,3.4807185750000826,-0.00016399341984651983,29.731184035539627,1.8506996557116508,0.0,59.01910173892975,2.404092811048031e-06,False,0.7861210107803345,-0.0002656359225511551,2.922104026377201,1.376603326201439,0.0,55.558240541815756,7.828231900930404e-07,False,0.5213474035263062,-4.584901034832001e-05,66.0880126953125,2.9946917295455933,0.0,120.7349042892456,4.656612873077393e-10,False,0.682727575302124,,
73,-43.72462182175203,-2798.37579659213,-2.7555750139645494,-1.415625,-40.96904680778748,2.2499999999999984e-05,0.01,3.078333106000173,0.6385407660000055,3.7168768059996182,-0.00012917115236632526,63.64998787641525,1.850670212879777,0.0,143.01452523469925,3.833905793726444e-06,False,0.004803001880645752,-0.00016952240839600562,2.364479798078537,1.412417209148407,0.0,61.646510291099545,9.527429938316345e-07,False,0.596624493598938,-0.0001282910816371441,4.330620676279068,2.994817763566971,0.0,34.61424803733826,2.6542693376541138e-08,False,0.9016257524490356,,
74,-44.78701838429824,-2866.3691765950875,-2.6248905958808613,-1.40625,-42.16212778841738,1.875e-05,0.01,2.995221549999769,0.7442880510002396,3.739512442999967,-3.967341035604477e-05,35.991215735673904,1.8506812769919634,0.0,348.5130752325058,6.126356311142445e-08,False,0.5739065408706665,-6.16205856204033e-05,2.691928682848811,1.3845304548740387,0.0,75.72384723424912,2.56020575761795e-07,False,0.6199144124984741,-6.73164613544941e-05,40.30852222442627,2.994860589504242,0.0,48.81642246246338,4.7031790018081665e-08,False,0.6775594353675842,,
75,-36.03324267892735,-2306.1275314513505,-2.300170068150345,-1.409375,-33.73307261077701,1.5000000000000012e-05,0.01,2.556092086999797,0.5651786389998961,3.12127347500018,-4.770074156112969e-05,47.46476101875305,1.8506734147667885,0.0,217.624087870121,4.0425220504403114e-08,False,0.3507779836654663,-0.0001974209677428007,2.7412040382623672,1.4064267158508301,0.0,57.89594126343727,7.403083145618439e-07,False,0.5506950616836548,-3.3993273973464966e-06,13.286134600639343,2.995028018951416,0.0,207.35893893241882,9.313225746154785e-10,False,0.6883065700531006,,
76,-43.8901325142649,-2808.9684809129535,-2.6000725693691233,-1.409375,-41.290059944895766,1.1249999999999992e-05,0.01,3.7096742579997226,0.8563705889996527,4.566048146999947,-4.690451896749437e-05,54.29587239027023,1.8506751544773579,0.0,187.94507005810738,1.0666553862392902e-07,False,0.19407576322555542,-0.00026477291248738766,3.0556279882788657,1.3959878087043762,0.0,49.26580277681351,8.030328899621964e-07,False,0.5012561082839966,-5.298340693116188e-05,17.57099997997284,2.9948748648166656,0.0,46.63777685165405,9.313225746154785e-10,False,0.6409105062484741,,
77,-33.53099725979753,-2145.983824627042,-2.234837025795163,-1.4125,-31.296160234002368,7.500000000000006e-06,0.01,2.9051725579997765,0.6227630880002835,3.527938761999849,-3.0274270102381706e-05,50.29873305559158,1.8507298529148102,0.0,244.91090434789658,2.2817403078079224e-08,False,0.30751413106918335,-0.00012889127247035504,2.807365968823433,1.4186026453971863,0.0,56.579111623764035,4.293397068977356e-07,False,0.5570212602615356,-9.37189906835556e-06,8.495469629764557,2.995053768157959,0.0,219.47793865203857,0.0,False,0.7473819851875305,,
78,-31.438524040776745,-2012.0655386097117,-2.1386293242802665,-1.409375,-29.29989471649648,3.7499999999999865e-06,0.01,3.493016258999887,0.6152913040000385,4.108310404999884,-2.902917913161218e-05,27.30579262971878,1.8507400881499052,0.0,249.14173820614815,2.820161171257496e-08,False,0.6460875272750854,-5.469863535836339e-05,2.515377327054739,1.4168306708335876,0.0,51.19667997360229,3.4971162676811216e-08,False,0.652991533279419,-1.4249235391616821e-06,35.45065093040466,2.994968831539154,0.0,342.3259150981903,0.0,False,0.5936551094055176,,
79,-48.586040106785774,-3109.5065668342895,-2.9058846292144946,-1.40625,-45.68015547757128,0.0,0.01,3.1118959539999196,0.6078529800001888,3.719751499999802,-9.835406672209501e-06,30.2336545586586,1.8507380951195955,0.0,112.43774178624153,4.3655745685100555e-09,False,0.4906502962112427,-3.338251262903213e-05,2.497863579541445,1.3967891722917556,0.0,38.77923280894756,1.9045546650886535e-08,False,0.5817679166793823,-9.453855454921722e-06,39.67464208602905,2.9948097467422485,0.0,43.85616397857666,0.0,False,0.5452662706375122,"{'mean_vessel_reward': -3.5391903337846986, 'mean_port_reward': -1.4130434782608696, 'mean_coordinator_reward': -61.9125851204201, 'total_reward': -4613.672506340131, 'avg_speed': 8.0, 'avg_fuel_remaining': 25.9554457742744, 'total_fuel_used': 592.3564338058048, 'total_emissions_co2': 1844.5979348712767, 'avg_delay_hours': 8.5, 'on_time_rate': 0.0, 'avg_queue': 0.0, 'dock_utilization': 0.0, 'total_wait_hours': 23.0, 'total_vessels_served': 12, 'avg_wait_per_vessel': 1.9166666666666667, 'fuel_cost_usd': 355413.8602834829, 'delay_cost_usd': 340000.0, 'carbon_cost_usd': 166013.81413841492, 'total_ops_cost_usd': 861427.6744218977, 'price_per_vessel_usd': 107678.45930273722, 'cost_reliability': 0.8923215406972628}",320.07397864999984
